Periodo,Instituição,Disciplina,Nucleo,Curso,Carga Horaria,Docente,Titulação,Ementa
2,UFMG,ASPECTOS LEGAIS DA GESTÃO PÚBLICA B,Direito,Gestao Publica,60,Lucas Gelape,Doutorado,"# Disciplina: DCP125 - ASPECTOS LEGAIS DA GESTAO PUBLICA B

**Período:** 2º

**Carga Horária:**
*   TEÓRICA 60 horas
*   PRÁTICA --
*   **TOTAL 60 horas**

---

## Ementa
Estado, Governo e Administração Pública: administração pública direta e indireta, autarquias, fundações, associações e consórcios públicos, empresas estatais. Princípios básicos da Administração Pública. Administração pública e burocracia. Poderes Administrativos. Atos administrativos. Licitação e Contratos Administrativos. Serviços Públicos. Controle da Administração Pública. Improbidade Administrativa.

## Descrição da Bibliografia Básica
*   AMORIM, Simone; BOULLOSA, Rosana F. O estudo dos instrumentos de políticas públicas: uma agenda em aberto para experiências de migração em escala. Amazônia, Organizações e Sustentabilidade, vol. 2, n. 1, 2013. http://www.spell.org.br/documentos/ver/15446/o-estudo-dosinstrumentos-de-politicas-publicas---
*   BARBOSA, Dayse Vieira Santos; BARBOSA, Nelson Bezerra and NAJBERG, Estela. Regulação em Saúde: desafios à governança do SUS. Cad. saúde colet., Mar 2016, vol.24, no.1, p.49-54. https://www.scielo.br/pdf/cadsc/v24n1/1414-462X-cadsc-1414-462X201600010106.pdf
*   BRASIL. Guia Prático de Governança. Brasília: Presidência da República, 2018. https://www.gov.br/casacivil/pt-br/centrais-de-conteudo/downloads/guia-da-politica-degovernanca-publica
*   BRASIL. Lei 8112 de 1990 Anotada. Ministério do Planejamento, Orçamento e Gestão, 2017. https://www.gov.br/servidor/pt-br/acesso-a-informacao/gestao-de-pessoas/lei-8112-anotada/Lein8.112de1990AnotadaTtulosIeII17.05.2017.pdf
*   CAVALCANTE, Pedro, et al. Inovação no Setor Público. Brasília: ENAP/IPEA, 2017. Capítulos 1 e 2. https://repositorio.enap.gov.br/bitstream/1/2989/1/171002_inovacao_no_setor_publico.pdf
*   CAVALCANTE, Pedro; LOTTA, Gabriela; OLIVEIRA, Vanessa Elias de. Do insulamento burocrático à governança democrática: as transformações institucionais e a burocracia no Brasil. In: Pires, Roberto (org.). Burocracia e políticas públicas no Brasil: interseções analíticas. Brasília: IPEA, 2018. https://www.ipea.gov.br/portal/images/stories/PDFs/livros/livros/180705_livro_burocracia_e_politicas_publicas_no_brasil_cap02.pdf
*   CUNHA, Bruno Q.; KARAM, Ricardo. Regulação estatal no Brasil: o desafio da polimorfia e da complementaridade institucional. Boletim de Análise Político-Institucional, IPEA, n 12, 2017. http://repositorio.ipea.gov.br/bitstream/11058/8100/1/BAPI_n12_Regula%c3%a7%c3%a3o.pdf
*   FERNANDEZ, Rodrigo N. et. al. Parcerias Público-Privadas: uma alternativa para a educação. Planejamento e Políticas Públicas, n 52, 2019. http://repositorio.ipea.gov.br/bitstream/11058/9767/1/ppp_n52_parceria.pdf
*   FILGUEIRAS, Fernando. Indo além do gerencial: a agenda da governança democrática e a mudança silenciada no Brasil. Rev. Adm. Pública, Jan 2018, vol.52, no.1, p.71-88. https://www.scielo.br/pdf/rap/v52n1/1982-3134-rap-52-01-71.pdf
*   FILGUEIRAS, Fernando. Burocracias do controle e controle das burocracias. In: Pires, Roberto (org.). Burocracia e políticas públicas no Brasil: interseções analíticas. Brasília: IPEA, 2018. https://www.ipea.gov.br/portal/images/stories/PDFs/livros/livros/180705_livro_burocracia_e_politicas_publicas_no_brasil_cap14.pdf
*   GOVERNO FEDERAL. Diretrizes Gerais e Guia Orientativo para Elaboração de Análise de Impacto Regulatório. Brasília: Presidência da República, 2018. https://www.gov.br/casacivil/pt-br/centrais-de-conteudo/downloads/diretrizes-gerais-e-guia-orientativo_final_27-09-2018.pdf/view
*   JUSTEN FILHO, Marçal. Art. 20 da LINDB - Dever de transparência, concretude e proporcionalidade nas decisões públicas. Revista Direito Administrativo, nº especial, 2018. http://bibliotecadigital.fgv.br/ojs/index.php/rda/article/view/77648/74311
*   MARQUES, Eduardo Cesar. Redes sociais e poder no Estado brasileiro: aprendizados a partir de políticas urbanas. Rev. bras. Ci. Soc., Fev 2006, vol.21, no.60, p.15-41. https://www.scielo.br/pdf/rbcsoc/v21n60/29759.pdf
*   OLLAIK, Leila Giandoni, & MEDEIROS, Janann Joslin. (2011). Instrumentos governamentais: reflexões para uma agenda de pesquisas sobre implementação de políticas públicas no Brasil. Revista de Administração Pública, 45(6), 1943-1967. https://www.scielo.br/pdf/rap/v45n6/a15v45n6.pdf
*   PECI, Alketa, PIERANTI, Octavio Penna and RODRIGUES, Silvia. Governança e new public management: convergências e contradições no contexto brasileiro. Organ. Soc., Set 2008, vol.15, no.46, p.39-55. https://www.scielo.br/pdf/osoc/v15n46/02.pdf
*   PIO, Carlos. A estabilização heterodoxa no brasil: idéias e redes políticas. Rev. bras. Ci. Soc., Jun 2001, vol.16, no.46, p.31-54. https://www.scielo.br/pdf/rbcsoc/v16n46/a02v1646.pdf
*   PEREIRA, Alvaro Luis dos Santos and PALLADINI, Gabriel Maldonado. Parceria público-privada para construção de moradia popular: fundamentos institucionais para a expansão do mercado de habitação em São Paulo. Cad. Metrop., Dez 2018, vol.20, no.43, p.879-903. https://www.scielo.br/pdf/cm/v20n43/2236-9996-cm-20-43-0879.pdf
*   PEREIRA, Ricardo A. de Castro and FERREIRA, Pedro Cavalcanti. Efeitos de Crescimento e Bem-estar da Lei de Parceria Público-Privada no Brasil. Rev. Bras. Econ., Jun 2008, vol.62, no.2, p.207-219. https://www.scielo.br/pdf/rbe/v62n2/05.pdf
*   RIZARDI, Bruno; VICENTE, Tomaz. Design ágil para inovação social e desenvolvimento. Brasília: PNUD/ENAP, 2020. https://repositorio.enap.gov.br/bitstream/1/5647/1/Design%20A%cc%81gil%20para%20Inovac%cc%a7a%cc%83o%20Social%20e%20Desenvolvimento_PNUD%20e%20ENAP_Completo.pdf
*   SANTOS, Thadeu Borges Souza et al. Gestão indireta na atenção hospitalar: análise da contratualização por publicização para rede própria do SUS. Saúde debate, Out 2018, vol.42, no. spe2, p.247-261. https://www.scielo.br/pdf/sdeb/v42nspe2/0103-1104-sdeb-42-spe02-0247.pdf
*   SOUZA, Regina Luna S. Contratos de gestão na administração pública federal. CLAD, 2012. https://repositorio.enap.gov.br/bitstream/1/1245/1/souzareg.pdf
*   THAMER, Rogério and LAZZARINI, Sérgio Giovanetti. Projetos de parceria público-privada: fatores que influenciam o avanço dessas iniciativas. Rev. Adm. Pública, Ago 2015, vol. 49, no. 4, p.819-846. https://www.scielo.br/pdf/rap/v49n4/0034-7612-rap-49-04-00819.pdf
*   WELTER, Larissa M.; ENSSLIN, Sandra R. Consequências não intencionais do Sistema de Avaliação de Desempenho. 10º CONGRESSO DE CONTABILIDADE E FINANÇAS, Florianópolis, 2020. http://dvl.ccn.ufsc.br/10congresso/anais/10CCF/20200716143556_id.pdf

## Descrição da Bibliografia Complementar
*   ARANTES, Rogério Bastos et. al. Controles democráticos sobre a administração pública no Brasil: Legislativo, tribunais de contas, Judiciário e Ministério Público. In: LOUREIRO, Maria Rita, ABRUCIO, Luiz Fernando & PACHECO, Regina Silva (Org.). Burocracia e política no Brasil: desafios para o estado democrático no século XXI. Rio de Janeiro: Editora FGV, 2010. p. 109 a 147.
*   AVRITZER, Leonardo; COSTA, Sérgio. Teoria crítica, democracia e esfera pública: concepções e usos na América Latina. Dados – Revista de Ciências Sociais, vol. 47, nº 4, 2004. p. 703-728.
*   BOBBIO, Norberto. Democracia: os fundamentos. In: Teoria Geral da Política. Rio de Janeiro: Campus, 2000.
*   CUNHA, Eleonora. “A reinvenção do Estado brasileiro: a criação de instituições que articulam participação e deliberação”. Efetividade Deliberativa: estudo comparado de Conselhos Municipais de Assistência Social (1997 / 2006). Tese de Doutorado em Ciência Política, UFMG, 2009, p. 61-74.
*   MATIAS-PEREIRA, José. Curso de Administração Pública. São Paulo: Atlas, 2009.
*   PEREIRA, Luiz Carlos Bresser. As duas fases da história e as fases do capitalismo. Escola de Economia de São Paulo da Fundação Getúlio Vargas FGV-EESP. Texto para discussão n. 278, Maio de 2011.
*   WEBER, Max. A política como vocação. In: C. Wright Mills e H. H. Gerth (Eds.). Ensaios de Sociologia. Rio de Janeiro: LTC, 2002"
3,PUC Minas,MICROECONOMIA CONTEMPORÂNEA,Microeconomia,Economia,80,Jean Max Tavares,Doutorado,"# Disciplina: 60628 - MICROECONOMIA CONTEMPORÂNEA

**Período:** 3

**Turno:** MANHÃ

**Carga Horária:**
*   TEÓRICA 80 horas (GRADE 80)
*   **TOTAL 80 horas**

---

## Ementa
Teoria dos custos: conceitos e as curvas de custos, no curto e longo prazo. Determinação da demanda de fatores: maximização de lucros e minimização de custos. Maximização de lucros e oferta competitiva. Mercados competitivos. Monopólio. Teoria dos jogos e estratégias competitivas.

## Objetivos
Oferecer aos alunos a solidez da teoria econômica associada à imediata associação com os problemas e questões vivenciados pelas empresas. Nesse aspecto, como a disciplina é condensada basicamente na teoria da custos, é possível exemplificar ao máximo as considerações teóricas ministradas com exemplos do cotidiano, considerando os distintos desdobramentos que ocorrem em mercados competitivos e nos mercados imperfeitos, a abordagem diferenciada que a Teoria dos Jogos oferece para essa temática, bem como debates importantes ligados ao mercado de fatores travados hoje em dia no que diz respeito ao aumento da importância do capital humano em detrimento do capital físico.

## Métodos Didáticos
Em sua maioria, as aulas serão divididas nas seguintes partes:
(a) expositiva, na qual conceitos serão apresentados e discutidos com a turma;
(b) busca de soluções, a qual será alvo por parte dos alunos quando apresentados diante de problemas reais das empresas atualmente;
c) exercícios, na qual a turma será instigada a praticar os conceitos vistos ao longo do semestre;
d) discussão a respeito dos artigos mais recentes em Teoria da Produção e dos Mercados

Além de técnicas instrucionais citadas nos itens (a), (c) e (d) acima, o ""aprendizado baseado em soluções"" (ABS ou SBL, em inglês) será a principal metodologia aplicada, tendo a ""lógica efetual"" desenvolvida por Sarasvathy (2001) como norteamento auxiliar à teoria da produção.

Além disso, pretende-se incentivar a participação do aluno em sala, como a busca de soluções para problemas das empresas, retirando o peso excessivo que existe sobre a aula puramente expositiva. Para isso, será usada a técnica Phillips 66, que visa a participação de toda a turma em uma discussão, dividindo-a em pequenos grupos para trocarem ideias durantes alguns minutos. Em seguida, cada grupo exporá suas soluções a toda a turma. Porém, alguns grupos serão selecionados para divergirem dos demais, mantendo o nível acadêmico de educação, evidentemente. Tal técnica permite a consolidação do conteúdo ministrado, a troca de experiências e o envolvimento dos alunos.

## Unidades de Ensino
**Unidade 0 - Nivelamento de matemática (equações, funções, limite e derivada) - 6 h/a**
*   Revisão Teoria da produção e conceitos necessários - 10 h/a
*   1- Teoria dos Custos de curto e longo prazo - 12 h/a
*   2- Determinação da demanda de fatores maximização de lucros e minimização de Custos - 10 h/a
*   3- Maximização de lucros e oferta competitiva - 10 h/a
*   4- Mercados competitivos - 11 h/a
*   5- Monopólio - 6 h/a
*   6- Teoria dos Jogos e Estratégias competitivas - 15 h/a

## Processo de Avaliação
*   2 (duas) provas intermediárias de 25 pontos cada.
*   Exercícios propostos ao longo do semestre que totalizarão 20 pontos.
*   Avaliação global de 30 pontos.
*   Reavaliação (substitui a Avaliação Global de 30 pontos e é facultada apenas para os alunos que, após tal avaliação, estivem entre 30 e 59 pontos, abordando todo o conteúdo do semestre).

## Observações
**JUSTIFICATIVA DAS BIBLIOGRAFIAS SELECIONADAS**

**Bibliografias Cadastradas (BÁSICA)**

1) ESTUDOS ECONÔMICOS: [São Paulo]. São Paulo: USP, Instituto de Pesquisas Econômicas ,1971-. out. 2000-.ISSN 1980-5357 versão on-line. Disponível em: https://www.scielo.br/scielo.php/script_sci_serial/lng_pt/pid_0101-4161/nrm_iso.
*Justificativa: Trata-se de uma das mais importantes revistas científicas da área de Economia (certamente entre as 5 mais tradicionais), contendo importantes insights para os alunos. Circula há mais de 50 anos no Brasil.*

2) GARÓFALO, Gilson de Lima (org.). Fundamentos de teoria microeconômica contemporânea. São Paulo, SP: Atlas, c2016. E-book. ISBN 9788597008685.
*Justificativa: Esse livro contempla a teoria de maneira direta, sem termos excessivamente técnicos, trazendo exercícios mais práticos e mais próximos da realidade sobre as empresas e consumidores.*

3) PINDYCK, Robert S.; RUBINFELD, Daniel L. Microeconomia. 8. ed. São Paulo, SP: Pearson Education do Brasil, c2014. E-book. ISBN 9788543000282.
*Justificativa: Junto com o livro do Hal. Varian, também de Microeconomia, talvez seja um dos livros mais conhecidos e usados em todo mundo sobre o tema. Contém forte abordagem na teoria e muitos exercícios interessantes.*

4) VARIAN, Hal R.; MACEDO, Regina Coeli Moura de. Microeconomia: uma abordagem moderna. 9. ed. Rio de Janeiro: Elsevier, c2015. E-book. ISBN 9788595155107.
*Justificativa: Livro muito tradicional nos cursos de Economia. Embora considerado ""denso"" pelos alunos em geral, sua capacidade de explicar os principais tópicos faz dele um best seller na área.*

**Bibliografias Cadastradas (COMPLEMENTAR)**

1) BESANKO, David; BRAEUTIGAM, Ronald R. Microeconomia: abordagem completa. Rio de Janeiro, RJ: LTC - Livros Técnicos e Científicos, 2004. E-book. ISBN 978-85-216-1922-2.
*Justificativa: esse livro aborda com profundidade os conceitos microeconômicos ao mundo dos negócios e da estratégia empresarial, trazendo casos práticos e exemplos reais que facilitam o entendimento por parte dos alunos.*

2) MARINHO, Raul. Prática na teoria: aplicações da teoria dos jogos e da evolução aos negócios. 2. ed. São Paulo, SP: Saraiva, 2011. E-book. ISBN 9788502126114.
*Justificativa: O livro aborda a teoria dos jogos para situações práticas do ambiente empresarial, como a negociação, a competição de mercado, a cooperação e a precificação. Forte embasamento teórico.*

3) REVISTA BRASILEIRA DE ECONOMIA. Rio de Janeiro: FGV, 1947-. Trimestral. ISSN 1806-9134 versão on-line. Disponível em: http://www.scielo.br/scielo.php?script=sci_serial&pid=0034-7140&lng=en&nrm=iso.
*Justificativa: É a revista científica mais importante de Economia do Brasil. É muito robusta na teoria e, embora algumas vezes utilize de uma matemática sofisticada, ela gera importantes análises para os alunos.*

4) BIERMAN, H. Scott; FERNANDEZ, Luis Florentin. Teoria dos jogos. 2. ed. São Paulo: Pearson Prentice Hall, c2011. E-book. ISBN 9788576056966.
*Justificativa: Com forte embasamento matemático, mas sem perder de vista a importância da análise crítica, esse livro aborda a Teoria dos Jogos de forma progressiva, contribuindo para o aprendizado dos alunos.*

5) PIANEZZER, Guilherme Augusto. Teoria dos jogos: conceitos e aplicações. Curitiba, PR: Intersaberes, 2023. E-book. ISBN 9788522705078.
*Justificativa: Aborda os principais conceitos da Teoria dos Jogos, com exemplos muito interessantes para aperfeiçoar a tomada de decisão por parte dos alunos.*

6) CARVALHO, Maria Auxiliadora de. Microeconomia essencial. São Paulo, SP: Saraiva, 2015. E-book. ISBN 9788502634534.
*Justificativa: O livro é escrito em linguagem objetiva e acessível, ideal para ser ministrado para os alunos do primeiro e do segundo ano de Economia. Apresenta exemplos intuitivos e ilustrações bastante interessantes, embora foque na teoria.*

## Descrição da Bibliografia Básica
*   ESTUDOS ECONÔMICOS: [São Paulo]. São Paulo: USP, Instituto de Pesquisas Econômicas ,1971-. out. 2000-. ISSN 1980-5357 versão on-line. Disponível em: https://www.scielo.br/scielo.php/script_sci_serial/lng_pt/pid_0101-4161/nrm_iso. Acesso em: 1 jul. 2020.
*   GARÓFALO, Gilson de Lima (org.). Fundamentos de teoria microeconômica contemporânea. São Paulo, SP: Atlas, c2016. *E-book*. ISBN 9788597008685.
*   PINDYCK, Robert S.; RUBINFELD, Daniel L.. Microeconomia. 8. ed. São Paulo, SP: Pearson Education do Brasil, c2014. *E-book*. ISBN 9788543000282.
*   VARIAN, Hal R.; MACEDO, Regina Coeli Moura de. Microeconomia: uma abordagem moderna. 9. ed. Rio de Janeiro: Elsevier, c2015. *E-book*. ISBN 9788595155107.

## Descrição da Bibliografia Complementar
*   BESANKO, David; BRAEUTIGAM, Ronald R.. Microeconomia: abordagem completa. Rio de Janeiro, RJ: LTC - Livros Técnicos e Científicos, 2004. *E-book*. ISBN 978-85-216-1922-2.
*   BIERMAN, H. Scott; FERNANDEZ, Luis Florentin. Teoria dos jogos. 2. ed. São Paulo: Pearson Prentice Hall, c2011. *E-book*. ISBN 9788576056966.
*   CARVALHO, Maria Auxiliadora de. Microeconomia essencial. São Paulo, SP: Saraiva, 2015. *E-book*. ISBN 9788502634534.
*   MARINHO, Raul. Prática na teoria: aplicações da teoria dos jogos e da evolução aos negócios. 2. ed. São Paulo, SP: Saraiva, 2011. *E-book*. ISBN 9788502126114.
*   PIANEZZER, Guilherme Augusto. Teoria dos jogos: conceitos e aplicações. Curitiba, PR: Intersaberes, 2023. *E-book*. ISBN 9788522705078.
*   REVISTA BRASILEIRA DE ECONOMIA. Rio de Janeiro: FGV, 1947-. Trimestral. ISSN 1806-9134 versão on-line. Disponível em: http://www.scielo.br/scielo.php?script=sci_serial&pid=0034-7140&lng=en&nrm=iso. Acesso em: 10 set. 2018."
4,PUC Minas,MERCADO FINANCEIRO E DE CAPITAIS,Economia Aplicada,Economia,80,Erich Vale e Sousa,Mestrado,"# Disciplina: 60619 - MERCADO FINANCEIRO E DE CAPITAIS

**Período:**

**Turno:** Virtual

**Carga Horária:**
*   TEÓRICA 40 horas (GRADE 40)
*   PRÁTICA 40 horas (GRADE 40)
*   **TOTAL 80 horas**

---

## Ementa
Organização dos mercados e intermediação financeira. Sistema Financeiro Nacional: evolução e características. Mercados: monetário, de crédito e de capitais. Conceitos básicos de avaliação de risco e performance. Modelos de administração e avaliação de carteiras de investimento. Introdução aos derivativos: conceitos e definições. Mercados futuros e mercados de opções. Modelos de análise de volatilidade no mercado de ações.

## Objetivos
Proporcionar aos alunos uma compreensão do funcionamento do mercado financeiro e de capitais, capacitando-os a analisar os instrumentos, instituições e políticas que regulam e influenciam a alocação de recursos financeiros na economia, bem como a aplicar esses conhecimentos em contextos reais.

**Especificamente:**
*   Habilitar os alunos para tomadas de decisões apoiadas em instrumentos financeiros e em distintos cenários.
*   Explorar os principais produtos e massificados disponíveis no mercado brasileiro.
*   Reconhecer os aspectos principais dos mercados financeiro e de capitais e do SFN.

## Métodos Didáticos
Aulas assíncronas expositivas com recursos do Canvas. Repositório de material produzido para consulta e resolução dos exercícios e testes semanais. Disponibilização de links e fontes de consulta eletrônica para materiais selecionados. Utilização de recursos computacionais para a produção das aulas virtuais (Studio+). Utilização do SGS (Sistema de Gestão de Séries Temporais do Banco Central). Resolução de Problemas Práticos/aplicados on-line.

## Unidades de Ensino
**Unidade Zero. O Mercado financeiro e de capitais - considerações iniciais**
*   Cálculo das taxas de juros simples e composta para integralização de ativos de renda fixa.
*   Apuração de médias e medidas de dispersão: média e média ponderada, mediana, variância, desvio padrão, correlação e covariância. Nivelamento para a escolha de carteira ótima (Fronteira Eficiente).

**Unidade I. O Dinheiro e sua origem.**
*   Origens do Mercado.
*   História e evolução dos Mercados Financeiros e de Capitais.
*   O Mercado na era contemporânea e as Grandes Transformações.

**Unidade II. A evolução do SFN, reformas, funções, atribuições e instrumentos.**
*   O Banco Central como órgão de supervisão e partícipe do SFN.
*   Demais Instituições participantes, órgãos normativos, de supervisão e operadores do SFN.

**Unidade III. O mercado monetário.**
*   Instrumentos de controle da liquidez.
*   A taxa Selic e sua relação com a taxa DI.
*   O Processo de contaminação do mercado interbancário pela Selic: o custo do dinheiro.
*   Formação da taxa ponderada Selic.
*   O Multiplicador monetário e o controle da liquidez.
*   A base monetária e a expansão dos meios de pagamento.
*   Letras e notas do Tesouro: Cálculo, operacionalização e impactos no mercado monetário e de juros.
*   Atuação do Banco Central no controle da liquidez e políticas monetárias.

**Unidade IV. O mercado de crédito.**
*   Instrumentos, operacionalização e finalidades.
*   Desconto de títulos e valores mobiliários.
*   CDC, antecipação de recebíveis, duplicatas, linhas de crédito e financiamento, contas garantidas, etc.

**Unidade V.**
*   CDB, CDI, RDB, taxa efetiva, bruta e líquida do Imposto de Renda.
*   Taxa de risco estimada/embutida.
*   Taxa efetiva over e anualizada.

**Unidade VI.**
*   Mercados de commodities, debentures, cupons, direitos e recibos de subscrição.
*   Debêntures, certificados de desdobramento, certificados de valores mobiliários.

**Unidade VII. Tipos de Fundos de Investimentos.**
*   Administração e gestão de fundos, características e instrumentos de tomada de decisão.

**Unidade VIII. O Mercado de Capitais.**
*   Ações: mercados primário e secundário.
*   A tipologia das ações: definições e introdução à noção de risco.
*   Aspectos práticos do processo de negociação.
*   Simulação de plataformas profissionais.
*   Precificação de ações e ativos de renda variável x risco.

**Unidade IX. Mercado de derivativos - noções básicas.**
*   Notas comerciais, Contratos futuros e opções.
*   O mercado à termo.

**Unidade X. Estudo sobre o Risco.**
*   Tipologia do Risco.
*   O desvio padrão como instrumento inicial para a compreensão do risco.
*   Covariância e correlação para ativos selecionados.
*   Estimativa de retorno para uma carteira hipotética formada a partir de ativos selecionados.
*   Escolha de ativos e a determinação da Fronteira Eficiente na alocação de portifólios de aplicação financeira.

## Processo de Avaliação
**CRONOGRAMA - 20 SEMANAS - VETERANOS 2025/1**
*   Avaliações parciais do conteúdo realizada semanalmente com atividades no valor de 4 pontos (15 semanas x 4 pontos cada = 60 pontos)
*   Primeira avaliação: 20 pontos
*   Segunda avaliação: 20 pontos
*   Totalizando 100 pontos no semestre letivo.
*   Avaliação substitutiva, conforme critérios previstos pelo Departamento de Economia para substituição de uma das avaliação.
*   Reavaliação no valor 100 pontos, conforme critérios previstos pelo Departamento de Economia.
    *A nota da atividade de reavaliação (Valor 100 pontos) será somada aos pontos remanescentes obtidos durante o curso e dividida por 2 (Critério de aprovação --> mínimo 60 pontos)*

## Observações
**Justificativas para a seleção bibliográfica:**
*   ""Mercado Financeiro"" de Alexandre Assaf Neto, em sua 16ª edição (2025), é uma referência no estudo dos mercados financeiros e de capitais, especialmente no contexto brasileiro. A obra prioriza os conceitos fundamentais do mercado financeiro e sua aplicação prática, sem se deter excessivamente em aspectos normativos ou legais que tendem a mudar com frequência. A 16ª edição incorpora temas contemporâneos, como operações de swap do Banco Central, créditos direcionados, Certificados de Operações Estruturadas (COE), a estrutura da B3 (Brasil, Bolsa, Balcão) e investimentos ESG (ambientais, sociais e de governança), refletindo as transformações recentes no mercado financeiro global e nacional.
*   A obra ""Administração Financeira"" de Stephen A. Ross, Randolph W. Westerfield, Jeffrey Jaffe é um clássico reconhecido no campo das finanças corporativas. A 10ª edição, publicada em 2015 é um recurso essencial dos princípios e as práticas da gestão financeira de portifólios. A 10ª edição reflete adicionalmente atualizações importantes, como exemplos baseados em crises financeiras recentes (ex.: crise de 2008) e avanços em ferramentas financeiras.
*   A obra Mercado de Capitais de Juliano Lima Pinheiro aborda conceitos fundamentais e práticos do mercado de capitais, divididos em três partes principais: Ambiente financeiro, mercado de capitais e bolsas de valores, além de uma parte destinada à análise de ações. O livro apresenta ferramentas para administração financeira e análise de ações como opções de investimento, que servem de apoio a compreensão das unidades relacionadas aos ativos de renda variável, conforme o conteúdo da disciplina. Além disso, o livro oferece conteúdo voltado para as principais certificações, como CPA-10, CPA-20, CNPI e outras relacionadas ao mercado financeiro. Ainda que as certificações não sejam lecionadas na disciplina, trata-se de assunto de interesse do alunado, permitindo uma orientação de leitura inicial sobre estes tópicos mencionados. O livro inclui exemplos práticos, questões e exercícios para aprofundar o aprendizado na disciplina, que são utilizados durante o semestre.
*   O periódico Journal of Financial Markets é uma publicação trimestral da Elsevier, iniciada em 1998, que se concentra em pesquisas originais de alta qualidade sobre questões teóricas e aplicadas relacionadas ao mercado financeiro. Ele abrange tópicos como mecanismos de negociação, estratégias de colocação de ordens, intermediação financeira e comportamento de preços em diferentes horizontes de tempo. Conjuntamente com revista Economia e Gestão, publicada pela PUC Minas desde 2001, que é um periódico quadrimestral dedicada a disseminação de conhecimento científico nas áreas de economia e gestão, funcionam como repositório dinâmico para, eventualmente, promover discussões estruturadas por tópicos no Canvas.
*   A obra Análise Técnica dos Mercados Financeiros de Flávio Lemos, explora estratégias Market Profile e Volume Profile. A seleção se justifica porque intercala teoria e prática, incluindo histórias reais sobre eventos marcantes do mercado financeiro, como os crashes históricos e a quebra da Bolsa do Rio.
*   O livro Investimentos no Mercado Financeiro: Usando a Calculadora HP 12C, de Alexandre Assaf Neto e Fabiano Guasti Lima, é uma obra prática e didática que explora as aplicações da calculadora HP 12C no mercado financeiro. Os capítulos incluem revisões conceituais, aplicações práticas ilustrativas e sugestões de programas financeiros, além de exercícios propostos ao final de cada capítulo.
*   O livro Valuation: Métricas de Valor & Avaliação de Empresas, de Alexandre Assaf Neto, é referência para compreender as principais metodologias de avaliação de empresas e medidas de criação de valor, e consolida, conjuntamente as obras relacionadas do mesmo autor, diferentes aspectos que podem ser de interesse dos alunos. Deste modo, as obras mencionadas neste conjunto são utilizadas pontualmente, no sentido de inserções no conteúdo.
*   O livro Corporate Finance: Theory and Practice, 5ª edição, de Pierre Vernimmen, Pascal Quiry, Maurizio Dallocchio, Yann Le Fur e Antonio Salvi, oferece uma visão global do campo das finanças corporativas. Ele aborda conceitos essenciais, como fusões e aquisições (M&A), avaliação de empresas e gestão financeira, com uma perspectiva europeia e global. Especificamente em relação a justificativa de seleção da obra, esta edição inclui um novo capítulo com estatísticas atualizadas, estudos de caso, modelos computacionais e quizzes disponíveis no site do livro.
*   O livro Mercado Financeiro: Produtos e Serviços de Eduardo Fortuna é reconhecido como uma referência abrangente sobre o mercado financeiro brasileiro. A 19ª edição abrange temas como os principais produtos e serviços financeiros, estrutura do sistema financeiro nacional, gestão de riscos e operações de mercado. A obra apresenta uma visão detalhada e útil para a disciplina em EAD, das características dos produtos e massificados disponíveis no SFN, imprescindíveis para o tratamento de aspectos do funcionamento de ativos estudados na disciplina.

## Descrição da Bibliografia Básica
*   ASSAF NETO, Alexandre. Mercado financeiro. 16. ed. Barueri: , 2025. 1 recurso online. ISBN 9786559776726.
*   JOURNAL OF FINANCIAL MARKETS. Amsterdam, NL: Elsevier, 1998-. Trimestral. ISSN 1878-576X versão on-line. Disponível em: https://www-sciencedirect-com.ez93.periodicos.capes.gov.br/journal/journal-of-financial-markets. Acesso em: 22 fev. 2022.
*   PINHEIRO, Juliano Lima. Mercado de capitais. 9. ed. São Paulo: Atlas, 2019. *E-book*. ISBN 9788597021752.
*   ROSS, Stephen A. *et al.* Administração financeira. 10. ed. Porto Alegre: AMGH, 2015. *E-book*. ISBN 9788580554328.

## Descrição da Bibliografia Complementar
*   ASSAF NETO, Alexandre; LIMA, Fabiano Guasti. Investimentos no mercado financeiro: usando a calculadora HP 12C. 4. ed. São Paulo: Atlas, 2019. *E-book*. ISBN 9788597022575.
*   ASSAF NETO, Alexandre. Valuation: métricas de valor & avaliação de empresas: medidas de criação de valor, gestão baseada em valor, avaliação de empresas. 4. ed. Barueri, SP: Atlas, 2021. *E-book*. ISBN 9788597027686.
*   ECONOMIA E GESTÃO. Belo Horizonte: Ed. PUC Minas,2001-. Quadrimestral. ISSN 1678-8982., Nº de Exemplares: 66.
*   FORTUNA, Eduardo. Mercado financeiro: produtos e serviços. 19. ed. rev., atual. e ampl. Rio de Janeiro: Qualitymark, 2013. xxxii, 1066, [1] p. ISBN 9788541400497., Nº de Exemplares: 4.
*   LEMOS, Flávio. Análise técnica dos mercados financeiros: um guia completo e definitivo dos métodos de negociação de ativos. 3. ed. rev. e atual. São Paulo: Saraiva Uni, 2023. *E-book*. ISBN 9786587958002.
*   VERNIMMEN, Pierre; QUIRY, Pascal; DALLOCCHIO, Maurizio; LE FUR, Yann; SALVI, Antonio. Corporate Finance, 5th Edition. 5th edition. 2017. 1 online resource (1024 pages)."
2,UFMG,"POLITICA,ECONOMIA E SOCIEDADE NO BRASIL",Historia,Gestao Publica,60,Geralda Luiza de Miranda,Doutorado,"# Disciplina: DCP042 - POLÍTICA, ECONOMIA E SOCIEDADE NO BRASIL

**Período:** 2º

**Carga Horária:**
*   TEÓRICA 60 horas
*   PRÁTICA --
*   **TOTAL 60 horas**

---

## Ementa
Construção nacional e construção do Estado no Brasil, desde a independência. Dinâmicas interdependentes da política, da economia e da estrutura social brasileira no último século. Etapas históricas do desenvolvimento político, econômico e social no Brasil.

## Descrição da Bibliografia Básica
*   CARVALHO, José Murilo de. Cidadania no Brasil. Rio de Janeiro: Civilização Brasileira, 2002.
*   REIS, José Carlos. As identidades do Brasil: de Varnhagen a FHC. FGV Editora, 2007.
*   SORJ, Bernardo. A nova sociedade brasileira. Rio de Janeiro: Jorge Zahar, 2001.

## Descrição da Bibliografia Complementar
*   ABRUCIO, Fernando Luiz; FRANZESE, Cibele; SANO, Hironobu. Trajetória recente da cooperação e coordenação no federalismo brasileiro: avanços e desafios. República, democracia e desenvolvimento, p. 129, 2013.
*   AVRITZER, Leonardo. Impasses da Democracia no Brasil. Rio de Janeiro: José Olympio, 2015. Introdução e Capítulo 1.
*   AVRITZER, Leonardo; GOMES, Lilian C. B. Política de reconhecimento, raça e democracia no Brasil. Dados, Rio de Janeiro, v. 56, n. 1, p. 39-68, mar. 2013. Disponível em: http://www.scielo.br/scielo.php?script=sci_arttext&pid=S0011-52582013000100003&lng=en&nrm=iso
*   BIELSCHOWSKY, Ricardo. Formação econômica do Brasil: uma obra-prima do estruturalismo cepalino. In: ARAÚJO, Tarcisio Patricio; VIANNA, Salvador Teixeira Werneck e MACAMBIRA, Júnior (Orgs.). 50 anos de Formação Econômica do Brasil: ensaios sobre a obra clássica de Celso Furtado. Rio de Janeiro: Ipea, 2009.
*   BRASIL. Lei nº 9.795, de 27 de abril de 1999. Disponível em: http://www.planalto.gov.br/ccivil_03/leis/l9795.htm
*   BRASIL. Conselho Nacional de Educação. Resolução nº 1, de 17 de junho de 2004. Disponível em: http://www.escoladeformacao.sp.gov.br/portais/Portals/84/docs/cursosconcursos/promocao/Anexo%20F5_RESOLUÇÃO%20CNECP%201,%20DE%2017%20DE%20J UNHO%20DE%202004.pdf
*   BRASIL. Conselho Nacional de Educação. nº 1, de 30 de maio de 2012. Disponível em: http://portal.mec.gov.br/dmdocuments/rcp001_12.pdf
*   CARDOSO, Fernando Henrique. Autoritarismo e democratização. Rio de Janeiro: Paz e Terra, 1975. pp. 165-186.
*   CARDOSO, Fernando Henrique. Raymundo Faoro. In: CARDOSO, Fernando Henrique. Pensadores que inventaram o Brasil. São Paulo: Companhia das Letras, 2013.
*   CARVALHO, Eneuton Dornellas Pessoa de. “O aparelho administrativo brasileiro: sua gestão e seus servidores – Do 1930 aos dias atuais.”. In: SANTOS, Alexandre dos, et alli. (orgs.). Estado, instituições e democracia: república. Brasília: IPEA, 2010.
*   DEDECCA, Cláudio. A redução das desigualdades e seus desafios. Texto para discussão 2031. Brasília/ Rio de Janeiro: Instituto de Pesquisa Econômica Aplicada, 2015.
*   GOMES, Ângela de Castro. O populismo e as ciências sociais no Brasil: notas sobre a trajetória de um conceito. Tempo, v. 1, nº 2, 1996.
*   GUIMARÃES, Juarez. A trajetória intelectual de Celso Furtado. In: TAVARES, Maria da Conceição(org.). Celso Furtado e o Brasil. São Paulo: Perseu Abramo, 1996.
*   LICIO, Elaine Cristina; MESQUITA, Camile Sahb; CURRALERO, Claudia Regina Baddini. Desafios para a coordenação intergovernamental do Programa Bolsa Família. Rev. adm. empres., São Paulo, v. 51, n. 5, p. 458-470, oct. 2011. Disponível em: http://www.scielo.br/scielo.php?script=sci_arttext&pid=S0034-75902011000500004&lng=en&nrm=iso
*   MEDEIROS, Marcelo, Souza; PEDRO H. G. F.; CASTRO, Fabio Avila. A Estabilidade da Desigualdade de Renda no Brasil, 2006 a 2012: etimativa com dados do Imposto de Renda e Pesquisas Domiciliares. Cienc Saude Coletiva, no prelo (2014). Disponível em: http://www.cienciaesaudecoletiva.com.br/artigos/artigo_int.php?id_artigo=15020
*   MENDONÇA, Ricardo Fabrino. Dimensões democráticas nas Jornadas de Junho: reflexões sobre a compreensão de democracia entre manifestantes de 2013. Disponível em: DOI: 10.590/339707/2018
*   NICOLAU, Jairo. Partidos na República de 1946: velhas teses, novos problemas. Dados, vol. 47, nº 1, 2004.
*   NUNES, Edson. A gramática política do Brasil: clientelismo e insulamento burocrático. Rio de Janeiro: Jorge Zahar, 1997. Cap. 1, 2, 3 e conclusão.
*   SALLUM JR., Brasilio; GOULART, Jefferson O. O Estado brasileiro contemporâneo: liberalização econômica, política e sociedade nos governos FHC e Lula. Rev. Sociol. Polit., Curitiba, v. 24, n. 60, p. 115-135, Dec. 2016. Disponível em: http://dx.doi.org/10.1590/1678-987316246001
*   SANTOS, Wanderley Guilherme dos. Sessenta e quatro: anatomia da crise. Rio de Janeiro: Vértice, 1986. Capítulos 1, 2 e 3.
*   SANTOS, Wanderley Guilherme. A democracia impedida: o Brasil no século XXI. Cap. 2.
*   SOUZA, Jessé. A elite do atraso: da escravidão a Bolsonaro. São Paulo: Estação Brasil, 2019.
*   SOARES, Márcia Miranda; CUNHA, Edite. Política de assistência social e coordenação federativa no Brasil. Revista do Serviço Público, v. 67, n. 1, p. 86-109, 2016.
*   SOARES, Sergei; SÁTYRO, Natália. O programa Bolsa Família: desenho institucional, impactos e possibilidades futuras. Texto para discussão1424. Brasília/ Rio de Janeiro: Instituto de Pesquisa Econômica Aplicada, 2009.
*   ZHOURI, Andréa. Justiça ambiental, diversidade cultural e accountability: desafios para a governança ambiental. Rev. bras. Ci. Soc., São Paulo, v. 23, n. 68, p. 97-107, Oct. 2008. Disponível em: http://www.scielo.br/scielo.php?script=sci_arttext&pid=S0102-69092008000300007&lng=en&nrm=iso"
4,PUC Minas,ECONOMETRIA,Quantitativo,Economia,80,Luciane Reis Raposo Pereira,Doutorado,"# Disciplina: 60635 - ECONOMETRIA

**Período:** 4

**Turno:** MANHÃ

**Carga Horária:**
*   TEÓRICA 80 horas (GRADE 80)
*   **TOTAL 80 horas**

---

## Ementa
Modelos de regressão linear simples e múltiplo: especificação, estimação, inferências e predição. Modelo geral de regressão linear: especificação, estimação, inferências e predição. Violação dos pressupostos clássicos: multicolinearidade, heterocedasticidade, autocorrelação. Regressões com variáveis independentes qualitativas (variáveis binárias ou dummies). Utilização de softwares na estimação de regressões simples e múltiplas envolvendo séries econômicas. Análise dos resultados das regressões estimadas. Testes para análise das regressões estimadas: omissão e redundância de variáveis explicativas, autocorrelação, heterocedasticidade e normalidade dos resíduos.

## Objetivos
O objetivo do curso é fornecer aos alunos instrumentais teórico e prático para a análise de modelos de regressão linear simples e múltipla envolvendo variáveis econômicas.

## Métodos Didáticos
Aulas expositivas teóricas e práticas e trabalhos individuais e em grupo.

## Unidades de Ensino
**0. Nivelamento**
Revisão de conceitos básicos de estatística e álgebra matricial.

**1. Regressão linear simples (modelo clássico)**
1.1. Construção de um Modelo Econométrico: Etapas e Procedimentos
1.2. Hipóteses Básicas do Modelo Clássico de Regressão
1.3. Estimação através do Método dos Mínimos Quadrados
1.4. Decomposição Amostral da Variável Dependente
1.5. Inferência estatística: teste de hipóteses, intervalos de confiança para os estimadores e previsão
1.6. Adequação de modelos não lineares à regressão linear

**2. Regressão linear múltipla (abordagem do modelo geral de regressão linear)**
2.1. Hipóteses Básicas
2.2. Estimação dos parâmetros através dos Mínimos Quadrados
2.3. Teste de significância global e parcial
2.4. Intervalos de confiança

**3. Variável dummy**
3.1. Regressões utilizando variável independente qualitativa: variável dummy ou binária.
3.2. Forma de inclusão das variáveis dummies no modelo.

**4. Violação dos pressupostos clássicos**
4.1. Multicolinearidade: identificação, conseqüências e possíveis soluções
4.2. Autocorrelação: natureza do problema, conseqüências, diagnóstico (teste de Durbin-Watson e LM) e correção (método de mínimos quadrados generalizados)
4.3. Heterocedasticidade: natureza do problema, conseqüências, diagnóstico (testes White, Park, Goldfeld-Quandt e Glejser) e correção (método de mínimos quadrados ponderados e estimadores de variância White).

## Processo de Avaliação
*   Provas intermediárias: duas avaliações de 25 pontos cada.
*   Práticas em sala de aula (exercícios, trabalhos individuais e em grupo): 20 pontos
*   Avaliação global: 30 pontos
*   Reavaliação (substitui a Avaliação Global de 30 pontos e é facultada apenas para os alunos que, após tal avaliação, estivem entre 30 e 59 pontos, abordando todo o conteúdo do semestre).

## Observações
**Justificativa das bibliografias escolhidas:**

**Bibliografia Básica:**

*   O livro Econometria Básica de Damor Gujarati é um clássico no estudo da econometria, sendo amplamente utilizado internacionalmente. O livro possui uma linguagem adequada aos alunos de graduação em Economia, apresentando os principais tópicos em econometria. Além do material contido nos capítulos, os apêndices contidos no livro provê uma excelente revisão de estatística e de álgebra matricial.
*   O livro Econometria na prática dos autores Malbouisson e Tiryaki possui uma linguagem extremamente didática e de fácil entendimento para alunos de graduação, apresentando várias análises práticas dos conteúdos apresentados.
*   Introdução à Econometria do Jeffrey M. Wooldridge é outro clássico mundialmente utilizado no estudo da econometria nos cursos de graduação. O foco principal da obra está em entender e analisar as hipóteses por meio de aplicações empíricas reais.
*   A revista Econometrica publica artigos abrangendo diversos ramos da economia - teórica e empírica, abstrata e aplicada. Ela explora uma gama única de tópicos a cada ano - da fronteira de desenvolvimentos teóricos em muitas áreas novas e importantes, à pesquisa sobre problemas econômicos atuais e aplicados, a estudos metodologicamente inovadores, teóricos e aplicados em econometria.

**Bibliografia Complementar:**

*   O livro Estatística e Introdução a Econometria de Alexandre Sartoris apresenta de forma simples e didática os conceitos de estatística necessários na análise econométrica.
*   O livro Introdução à econometria do Luiz Rogério Alves dos Santos introduz os fundamentos da econometria de forma prática por meio de exemplos da vida real, sem recorrer a cálculos matemáticos ou estatísticos complexos, apresentando os fundamentos e as técnicas estatísticas avançadas mais importantes que economistas e cientistas sociais utilizam para conduzir pesquisas empíricas mais usuais.
*   Econometric Theory é um periódico que além de artigos que incorporam pesquisa teórica original, publica resenhas periódicas de livros, estudos históricos sobre a evolução do pensamento econométrico e sobre seus principais acadêmicos.
*   O livro Econometria Aplicada dos autores Paula Pereda e Denisard Alves aborda métodos para se estimar relações econômicas e discute a identificação de efeitos causais entre variáveis econômicas utilizando dados brasileiros.
*   Econometria dos renomados autores James H. Stock e Mark W. Watson apresenta questões do cotidiano e dados de experimentos empíricos reais, destacando a relevância da econometria em diferentes análises.
*   Econometria de séries temporais do Rodrigo De Losso da Silveira Bueno apresenta métodos de séries temporais, como cointegração, modelos VAR e volatilidade, útil para pesquisas em finanças e macroeconomia.

## Descrição da Bibliografia Básica
*   ECONOMETRICA. Evanston: Econometric Society, Departament of Economics ,1933-. Bimestral. ISSN 1468-0262 versão on-line. Disponível em: https://onlinelibrary-wiley.ez93.periodicos.capes.gov.br/journal/14680262. Acesso em: 16 out. 2020.
*   GUJARATI, Damodar N.; PORTER, Dawn C.. Econometria básica. 5. ed. Porto Alegre, RS: AMGH, 2011. *E-book*. ISBN 9788580550511.
*   MALBOUISSON, Cláudia; TIRYAKI, Gisele Ferreira (org.). Econometria na prática. Rio de Janeiro, RJ: Alta Books, 2017. *E-book*. ISBN 9786555201703.
*   WOOLDRIDGE, Jeffrey M.. Introdução à econometria: uma abordagem moderna. 7. ed. São Paulo, SP: Cengage Learning, 2023. *E-book*. ISBN 9786555584530.

## Descrição da Bibliografia Complementar
*   BUENO, Rodrigo de Losso da Silveira. Econometria de séries temporais. 2. ed., rev. e ampl. São Paulo, SP: Cengage Learning, 2012. *E-book*. ISBN 9788522128259.
*   ECONOMETRIC THEORY. Cambridge: Cambridge University Press ,1985-. bimestral. ISSN 1469-4360 versão on-line. Disponível em: https://www-cambridge.ez93.periodicos.capes.gov.br/core/journals/econometric-theory/all-issues. Acesso em: 16 out. 2020.
*   PEREDA, Paula Carvalho; ALVES, Denisard. Econometria aplicada. Rio de Janeiro, RJ: Elsevier, 2018. *E-book*. ISBN 9788595156012.
*   SANTOS, Luiz Rogério Alves dos. Introdução à econometria. Curitiba, PR: Intersaberes, 2019. *E-book*. ISBN 9788522700974.
*   SARTORIS, Alexandre. Estatística e introdução à econometria. 2. ed. São Paulo, SP: Saraiva, 2013. *E-book*. ISBN 9788502199835.
*   STOCK, James H.; WATSON, Mark W.. Econometria. São Paulo, SP: Pearson, 2004. *E-book*. ISBN 8588639149."
5,PUC Minas,ESTATÍSTICA MULTIVARIADA,Quantitativo,Economia,40,Mayra Alves Stradioto,Mestrado,"# Disciplina: 60641 - ESTATÍSTICA MULTIVARIADA

**Período:** 5

**Turno:** MANHÃ

**Carga Horária:**
*   TEÓRICA 40 horas (GRADE 40)
*   **TOTAL 40 horas**

---

## Ementa
Regressão Multivariável. Regressão Múltipla. Regressão Logística. Análise de Componentes Principais. Decomposição em Valor Singular. Análise de Fator. Análise Discriminante. Anova e Manova.

## Objetivos
*   Dar ao estudante os fundamentos básicos da estatística Multivariada, mostrando operações nas diversas áreas do conhecimento;
*   Capacitar o aluno a raciocinar estatisticamente em duas ou mais dimensões de variáveis;
*   Incentivar a utilização da informática para soluções de problemas.

## Métodos Didáticos
*   Aulas expositivas;
*   Listas de exercícios;
*   Trabalhos práticos.

## Unidades de Ensino
| Matéria Prevista | Quantidade de Aulas |
| :--- | :--- |
| **Unidade 0 Nivelamento** | 2 |
| 0.1 Operação com vetores | |
| 0.2 Operação com Matrizes | |
| **Unidade 1 Introdução** | 2 |
| 1.1 Aplicação das Técnicas Multivariadas | |
| 1.2 Organização dos dados | |
| **Unidade 2 Componentes Principais** | 6 |
| 2.1 - Teorema da decomposição Espectral | |
| 2.2 - Contrução das Componetes Princiapais | |
| 2.3 - Proporção Explicadas Pelas Componentes | |
| 2.4 - Aplicações | |
| **Unidade 3 Análise Fatorial** | 8 |
| 3.1 - Apresentação Teórica da Metodologia | |
| 3.2 Modelo de Fatores Ortogonais | |
| 3.3 Estimação dos Fatores | |
| 3.4 - Aplicações | |
| **Unidade 4 Regressão Linear Multivariada** | 8 |
| 4.1 Matriz de correlação | |
| 4.2 Estimação do Modelo | |
| 4.3 Qualidade de Ajuste e ANOVA | |
| 4.3 Aplicações | |
| **Unidade 5 Regressão Logística** | 8 |
| 5.1 Tabela de Contingência | |
| 5.2 Estimação do Modelo | |
| 5.3 Validação do modelo | |
| 5.4 Aplicações | |
| **Provas individuais** | 6 |

## Processo de Avaliação
*   2 provas individuais: 30 pontos cada
*   2 Trabalhos dirigidos: 20 pontos cada
*   Reavaliação 30 pontos (substitui a menor nota das duas primeiras provas individuais)

## Observações
**Bibliografia Básica**

*   HAIR, Joseph F et al. Análise multivariada de dados. 6. ed. Porto Alegre, RS: Bookman, 2009. E-book. ISBN 9788577805341.
    *Justificativa: O livro apresenta autores nacionais que oferece uma abordagem acessível. Apresenta estudos de casos sobre questões atuais e está em formato eletrônico.*

*   STOCK, James H.; WATSON, Mark W. Econometria. São Paulo, SP: Pearson, 2004. E-book. ISBN 8588639149.
    *Justificativa: O livro oferece uma abordagem acessível na área de econometria, aborda temas de regressão lineares e não lineares.*

*   MANLY, Bryan F. J.; ALBERTO, Jorge A. Navarro. Métodos estatísticos multivariados: uma introdução. 4. ed. Porto Alegre, RS: Bookman, 2019. E-book. ISBN 9788582604991.
    *Justificativa: O livro oferece uma abordagem acessível de todo o conteúdo estudado. Apresenta estudos de casos sobre questões atuais da estatística Multivariada em áreas que despertam o interesse dos. Usa o pacote estatístico Minitab e SPSS.*

*   REVISTA BRASILEIRA DE ESTATÍSTICA = BRAZILIAN JOURNAL OF PROBABILITY AND STATISTICS. Rio de Janeiro: IBGE ,1940-. Trimestral. ISSN 2675-3243 versão on-line. Disponível em: https://rbes.ibge.gov.br/index.php/volumes-recentes.
    *Justificativa: A revista aborda temas atuais na área de econometria e estudos sobre questões atuais da estatística.*

**Bibliografias Cadastradas (COMPLEMENTAR)**

*   SCHMULLER, Joseph. Análise estatística com R para leigos. Rio de Janeiro: Alta Books, 2019. E-book. ISBN 9788550807850.
    *Justificativa: É um livro que aborda aplicações simples de estatística com a utilização do pacote R.*

*   FÁVERO, Luiz Paulo; BELFIORE, Patrícia. Análise de dados: técnicas multivariadas exploratórias com SPSS e STATA. Rio de Janeiro, RJ: Elsevier, 2015. E-book. ISBN 9788595155589.
    *Justificativa: O livro oferece uma abordagem acessível de todo o conteúdo estudado. Apresenta estudos de casos sobre questões atuais da estatística Multivariada em áreas que despertam o interesse dos. Usa o pacote estatístico SPSS e STATA*

*   MORETTIN, Pedro Alberto. Econometria financeira: um curso em séries temporais financeiras. 2. ed. rev. e ampl. São Paulo: Blucher, 2011. E-book. ISBN 9788521211310.
    *Justificativa: É um livro que visa formar a base necessária para a aprendizagem de métodos estatísticos mais avançados e, por isso requer um conhecimento matemático prévio. Recomenda o uso de pacotes estatísticos como o R e o Minitab na prática dos conceitos desenvolvidos.*

*   ECONOMETRICA. Evanston: Econometric Society, Departament of Economics ,1933-. Bimestral. ISSN 1468-0262 .versão on-line. Disponível : https://onlinelibrary-wiley.ez93.periodicos.capes.gov.br/journal/14680262.
    *Justificativa: A revista aborda temas atuais na área de econometria e estudos sobre questões atuais da estatística.*

*   LOESCH, Claudio; HOELTGEBAUM, Marianne. Métodos estatísticos multivariados. São Paulo, SP: Saraiva, 2012. E-book. ISBN 9788502146105.
    *Justificativa: Livro com explicações simples e cuidadosas, possui, em vários capítulos, exercícios propostos que apresentam, resolvem exemplos e ainda fazem perguntas sobre aspectos teóricos que ultrapassam o seu escopo.*

*   ARTES, Rinaldo; BARROSO, Lúcia Pereira. Métodos multivariados de análise estatística. São Paulo, SP: Blucher, 2023. E-book. ISBN 9786555066999.
    *Justificativa: O livro oferece uma abordagem acessível de todo o conteúdo estudado. Apresenta estudos de casos sobre questões atuais da estatística Multivariada em áreas que despertam o interesse dos alunos.*

**Outras indicações:**
*   MILONE, Giuseppe. Estatística geral e aplicada. São Paulo: Pioneira Thomson Learning, 2004. 483 p. ISBN 8522103399.

## Descrição da Bibliografia Básica
*   HAIR, Joseph F. *et al.* Análise multivariada de dados. 6. ed. Porto Alegre, RS: Bookman, 2009. *E-book*. ISBN 9788577805341.
*   MANLY, Bryan F. J.; ALBERTO, Jorge A. Navarro. Métodos estatísticos multivariados: uma introdução. 4. ed. Porto Alegre, RS: Bookman, 2019. *E-book*. ISBN 9788582604991.
*   REVISTA BRASILEIRA DE ESTATÍSTICA = BRAZILIAN JOURNAL OF PROBABILITY AND STATISTICS. Rio de Janeiro: IBGE ,1940-. Trimestral. ISSN 2675-3243 versão on-line. Disponível em: https://rbes.ibge.gov.br/index.php/volumes-recentes. Acesso em: 10 set. 2018.
*   STOCK, James H.; WATSON, Mark W.. Econometria. São Paulo, SP: Pearson, 2004. *E-book*. ISBN 8588639149.

## Descrição da Bibliografia Complementar
*   ARTES, Rinaldo; BARROSO, Lúcia Pereira. Métodos multivariados de análise estatística. São Paulo, SP: Blucher, 2023. *E-book*. ISBN 9786555066999.
*   ECONOMETRICA. Evanston: Econometric Society, Departament of Economics ,1933-. Bimestral. ISSN 1468-0262 versão on-line. Disponível em: https://onlinelibrary-wiley.ez93.periodicos.capes.gov.br/journal/14680262. Acesso em: 16 out. 2020.
*   FÁVERO, Luiz Paulo; BELFIORE, Patrícia. Análise de dados: técnicas multivariadas exploratórias com SPSS e STATA. Rio de Janeiro, RJ: Elsevier, 2015. *E-book*. ISBN 9788595155589.
*   LOESCH, Claudio; HOELTGEBAUM, Marianne. Métodos estatísticos multivariados. São Paulo, SP: Saraiva, 2012. *E-book*. ISBN 9788502146105.
*   MORETTIN, Pedro Alberto. Econometria financeira: um curso em séries temporais financeiras. 2. ed. rev. e ampl. São Paulo: Blucher, 2011. *E-book*. ISBN 9788521211310.
*   SCHMULLER, Joseph. Análise estatística com R para leigos. Rio de Janeiro: Alta Books, 2019. *E-book*. ISBN 9788550807850."
2,UFMG,INSTITUICOES POLITICAS COMPARADAS,Ciencia Politica,Gestao Publica,60,Cristiano Rodrigues,Doutorado,"# Disciplina: DCP035 - INSTITUIÇÕES POLÍTICAS COMPARADAS

**Período:** 2º

**Carga Horária:**
*   TEÓRICA 60 horas
*   PRÁTICA --
*   **TOTAL 60 horas**

---

## Ementa
Análise comparada, desempenho de instituições democráticas em países do centro e da periferia do capitalismo; instituições democráticas e diferentes condições socioeconômicas e culturais. Estudos de formas de organização de democracias liberais, organização Estado: unitarismo X federalismo; processos e poderes (executivo, legislativo); concepções sobre burocracias públicas, políticas públicas, por governos eleitos.

## Descrição da Bibliografia Básica
*   AVRITZER, L. e ANASTASIA, F. (orgs.). (2006). Reforma política no Brasil. Belo Horizonte: Editora UFMG (ler apenas o capítulo denominado Presidencialismo e Governo de Coalizão, p. 236 a 257.
*   BOBBIO, N.; MATTEUCCI, N.; PASQUINO, G. (1998). Dicionário de Política. Brasília: Editora Universidade de Brasília, 1a ed. (Ler a Introdução (p. V e VI), o verbete Democracia (p. 319 a 330)).
*   DAHL, R. Análise Política Moderna. Brasília: Editora Universidade de Brasília, 1981. (Capítulos 4 – Semelhanças dos sistemas políticos - e 5 – Diferenças dos sistemas políticos)
*   KERSTENETZKY, Celia Lessa; GUEDES, Graciele Pereira. (2018). O Welfare State resiste? Desenvolvimentos recentes do estado social nos países da OCDE. Ciência & Saúde Coletiva, 23 (7): 2095-2106, 2018.
*   LIJPHART, Arend. (2008). Modelos de democracia. Rio de Janeiro: Civilização Brasileira. (Capítulos 1, 2, 3, 6, 7, 8, 10 e 12).
*   MAINWARING, S.; BRINKS, D.; PËREZ-LIÑÁN, A. (2001) Classificando Regimes Políticos na América Latina, 1945-1999. Revista Dados, vol. 44, nº 4. Rio de Janeiro.
*   MIRANDA, Geralda L. (2017). Seguridade Social da Argentina e no Brasil: trajetória histórica e configuração atual. TRABALHO APRESENTADO NO ENEPCP, 2017.
*   MUNCK, Gerardo L.; VERKUILEN, Jay (2016). Trazendo de volta a mensuração: fundamentos metodológicos do índice de democracia eleitoral. Revista Brasileira de Ciência Política, Brasília, nº 19, p. 147-165.
*   NICOLAU, Jairo (2002) Sistemas eleitorais: uma introdução, Rio de Janeiro: Editora FGV.
*   O´DONNELL, G. (2011). Democracia, agência e Estado: teoria com intenção comparativa. São Paulo: Paz e Terra. (Capítulo VIII – Um rápido olhar sobre a América Latina).
*   SARTORI, G. (1981). A Política – 36. Brasília: Editora Universidade de Brasília. (Capítulo 9 – Método Comparativo e Política Comparada)
*   SCHEDLER, Andreas (2004). Elecciones sin democracia: el menú de la manipulação electoral.
*   CINTRA, A. O. Sistema Eleitoral. In: AVRITZER, Leonardo; ANASTASIA, Fátima (Orgs.) Reforma Política no Brasil. Belo Horizonte: UFMG, 2006
*   SOUZA, C. (2013). Instituições e Mudanças: reformas da Constituição de 1988, federalismo e políticas públicas In: HOCHMAN, Gilberto; FARIA, Carlos A. P. (Orgs.). Federalismo e Políticas Públicas no Brasil. Rio de Janeiro: Editora FIOCRUZ, p. 91-118.
*   TSEBELIS, G. (2009). Atores com Poder de Veto: como funcionam as instituições políticas. Rio de Janeiro: FGV. (Introdução, capítulos 1, 3 e 4).

## Descrição da Bibliografia Complementar
*   ARRETCHE, M. (2013). Quando Instituições Federativas Fortalecem o Governo Central? In: HOCHMAN, Gilberto; FARIA, Carlos A. P. (Orgs.). Federalismo e Políticas Públicas no Brasil. Rio de Janeiro: Editora FIOCRUZ, p. 65-90.
*   DELLA PORTA, D. (2003). O sistema político (capítulo 1 – item 5). In: Introdução à Ciência Política. Lisboa: Editorial Estampa, p. 30-35.
*   TSEBELIS, G. (2009). Atores com Poder de Veto: como funcionam as instituições políticas. Rio de Janeiro: FGV. (Capítulo 6 – Federalismo, bicameralismo e maiorias qualificadas)."
2,UFMG,SOCIOLOGIA DAS ORGANIZACOES PUBLICAS,Sociologia,Gestao Publica,60,Ludmila Mendonca Lopes Ribeiro,Doutorado,"# Disciplina: SOA607 - SOCIOLOGIA DAS ORGANIZAÇÕES PUBLICAS

**Período:** 2º

**Carga Horária:**
*   TEÓRICA 60 horas
*   PRÁTICA --
*   **TOTAL 60 horas**

---

## Ementa
Burocracia, administração pública. Estado, relações sociais. Institucionalismo, utilitarismo. Burocracia, poder político. Cultura organizacional. Mudança, flexibilização organizacional.

## Descrição da Bibliografia Básica
*   BOUDON, R, BOURRICAUD, F, Dicionário crítico de sociologia, Ática, SP, 2001, p.253-260
*   DIAS, R, Sociologia das organizações, Atlas, SP, 2008, 69-144
*   WEBER, M, Economia y sociedad, Fondo de cultura econômica, México, 2004, p.5-45, p.170-203, p.1047-1095
*   MERTON, R, Burocracia e personalidade, org, de Campos, E. Sociologia da Burocracia, Zahar, RJ, 1978, p.107-124
*   BEETHAM, D, A burocracia e a teoria democrática, Estampa, Lisboa, 1988, p.137-175
*   SELZNICK, P. Fundamentos da teoria das organizações, org. de ETIZIONI. A. Organizações Complexas, Atlas, SP, 1967, p.30-42
*   MARCH, J, SIMON, H, Teoria das organizações, FGV, RJ, 1972, p.192-238
*   PERROW, C. Análise organizacional, Atlas, SP. 1972, p.73-119
*   CHAMPION, D, A sociologia das organizações, Saraiva, 1979, SP, 116-132

## Descrição da Bibliografia Complementar
*   ALVES, D, O teste sociométrico, sociogramas, Globo, Porto Alegre,1972, p.14-18.
*   FOUCAULT, M, Vigiar e punir, Vozes, RJ, 1986, p.125-152.
*   MELLO E SOUSA, L, Raymundo Faoro e ‘Os donos do poder’ in Introdução ao Brasil, vol 1, org. de Mota, L, Senac, SP. 2004, p.335-356.
*   BASTOS, E.R. “Gilberto Freyre – Casa-grande & senzala” in Mota (org.), op. cit. p.215-234.
*   SALLUM JR, B. “Sérgio Buarque de Holanda - Raízes do Brasil” in Mota (org.), op. cit. p.235-256.
*   LAPA, J.R.A.: “Caio Prado Júnior – Formação do Brasil contemporâneo” in Mota (org.), op. cit. p.257-272.
*   LAMOUNIER, B: “Vítor Nunes Leal – Coronelismo, enxada e voto” in Mota (org.), op. cit. p. 273-292.
*   ALMEIDA, M.H.T. “Oliveira Viana – Instituições políticas brasileiras” in Mota (org.), op. cit. p. 293-314.
*   SORJ, B. A nova sociedade brasileira, Jorge Zahar Ed. R.J. 2000.
*   GOFFMAN, E. Manicômios, prisões e conventos, Perspectiva, SP, 2007, p.99-108, p.246-260.
*   MEYER, J, ROWAN, B, Estrutura como mito e cerimônia.
*   PFEFFER, J, Organizaciones y teoria de las organizaciones, fondo de cultura econômica, México, 1992, p.276-320.
*   FREITAS, M, E, Cultura organizacional, Makron books, SP. 1991, p.12-37.
*   MICHELS, R, A tendência burocrática dos partidos políticos in Campos, op. cit. p.101-106.
*   TRAGTEMBERG, M, Burocracia e ideologia, Ática, SP, 1977, 58-89"
